BioProject,GEO
PRJDB10544,NA
PRJDB10799,NA
PRJDB10882,NA
PRJDB11308,NA
PRJDB13770,NA
PRJDB15060,NA
PRJDB16373,NA
PRJDB2960,NA
PRJDB9278,NA
PRJEB12126,NA
PRJEB14170,NA
PRJEB17636,NA
PRJEB18913,NA
PRJEB19014,NA
PRJEB19102,NA
PRJEB19678,NA
PRJEB21099,NA
PRJEB21199,NA
PRJEB21224,NA
PRJEB22128,NA
PRJEB23298,NA
PRJEB23398,NA
PRJEB23562,NA
PRJEB23773,NA
PRJEB25491,NA
PRJEB26279,NA
PRJEB26593,NA
PRJEB27418,NA
PRJEB27604,NA
PRJEB28203,NA
PRJEB28810,NA
PRJEB29208,NA
PRJEB30076,NA
PRJEB31666,NA
PRJEB31750,NA
PRJEB32121,NA
PRJEB32965,NA
PRJEB32969,NA
PRJEB33244,NA
PRJEB33323,NA
PRJEB35858,NA
PRJEB36134,NA
PRJEB36135,NA
PRJEB36148,NA
PRJEB36274,NA
PRJEB36467,NA
PRJEB36468,NA
PRJEB36473,NA
PRJEB36893,NA
PRJEB36902,NA
PRJEB37021,NA
PRJEB38096,NA
PRJEB38391,NA
PRJEB39403,NA
PRJEB39904,NA
PRJEB39905,NA
PRJEB40288,NA
PRJEB41027,NA
PRJEB42778,NA
PRJEB43647,NA
PRJEB43705,NA
PRJEB44238,NA
PRJEB45612,NA
PRJEB45875,NA
PRJEB45876,NA
PRJEB46361,NA
PRJEB46746,NA
PRJEB47140,NA
PRJEB4801,NA
PRJEB48907,NA
PRJEB50305,NA
PRJEB5136,NA
PRJEB51486,NA
PRJEB5150,NA
PRJEB5263,NA
PRJEB54638,NA
PRJEB54714,NA
PRJEB56508,NA
PRJEB56594,NA
PRJEB57800,NA
PRJEB5938,NA
PRJEB65856,NA
PRJEB7207,NA
PRJEB7261,NA
PRJEB7276,NA
PRJEB7282,NA
PRJEB7300,NA
PRJEB7301,NA
PRJEB7498,NA
PRJEB9417,NA
PRJNA1002994,GSE240217
PRJNA1004241,GSE240563
PRJNA1007379,NA
PRJNA1008247,GSE241473
PRJNA1017399,GSE243206
PRJNA1022492,GSE244378
PRJNA1024513,GSE244763
PRJNA1027912,GSE245380
PRJNA1031631,GSE246139
PRJNA1031643,NA
PRJNA1031690,GSE246163
PRJNA1035318,GSE246955
PRJNA1035983,NA
PRJNA1043570,GSE248349
PRJNA1045657,GSE248724
PRJNA1046391,GSE248888
PRJNA1047529,GSE249133
PRJNA1049048,GSE249448
PRJNA1050581,NA
PRJNA1051101,GSE249895
PRJNA1051495,GSE249958
PRJNA1054207,NA
PRJNA1057253,GSE252063
PRJNA1062064,GSE252692
PRJNA1062387,GSE252752
PRJNA1070982,GSE254531
PRJNA1074242,GSE255244
PRJNA1088434,GSE261690
PRJNA1090628,NA
PRJNA109405,GSE13750
PRJNA1099224,GSE263777
PRJNA129385,GSE21992
PRJNA129411,GSE22001
PRJNA142427,GSE25626
PRJNA144149,GSE30839
PRJNA145711,GSE31539
PRJNA147613,GSE32060
PRJNA148631,GSE33671
PRJNA149975,GSE34082
PRJNA150397,GSE34743
PRJNA152347,GSE35469
PRJNA152495,GSE35641
PRJNA156379,GSE34438
PRJNA157105,GSE36892
PRJNA163111,GSE37744
PRJNA170771,NA
PRJNA171135,GSE39561
PRJNA171327,NA
PRJNA172014,GSE39911
PRJNA173092,GSE40209
PRJNA176310,GSE41246
PRJNA177721,GSE41605
PRJNA177820,GSE41590
PRJNA178171,GSE41785
PRJNA181016,NA
PRJNA187087,GSE43703
PRJNA193543,GSE45366
PRJNA197001,GSE46038
PRJNA198514,GSE46277
PRJNA200706,GSE46512
PRJNA205933,GSE47509
PRJNA206070,GSE47558
PRJNA209566,NA
PRJNA211752,GSE48785
PRJNA213294,GSE49197
PRJNA213675,GSE49339
PRJNA213844,NA
PRJNA219205,GSE50870
PRJNA219480,GSE50983
PRJNA221377,GSE51164
PRJNA223060,GSE51424
PRJNA223608,GSE51584
PRJNA229103,GSE52447
PRJNA230057,GSE52799
PRJNA230112,GSE52809
PRJNA230441,GSE52905
PRJNA230577,GSE52968
PRJNA230610,GSE52976
PRJNA231673,GSE53313
PRJNA232649,GSE53693
PRJNA232843,GSE53767
PRJNA237963,GSE54883
PRJNA238879,GSE55195
PRJNA241328,NA
PRJNA242628,GSE56148
PRJNA244101,GSE56622
PRJNA244865,GSE56887
PRJNA244941,GSE56924
PRJNA245106,NA
PRJNA245830,GSE57175
PRJNA246023,NA
PRJNA246300,GSE57336
PRJNA251587,GSE58207
PRJNA251988,GSE58321
PRJNA252511,GSE58402
PRJNA252579,GSE58423
PRJNA253056,GSE58637
PRJNA254353,NA
PRJNA254361,GSE59095
PRJNA255669,GSE59573
PRJNA257365,GSE60040
PRJNA257463,GSE60095
PRJNA258156,GSE60384
PRJNA258219,GSE60426
PRJNA259424,GSE60752
PRJNA259844,GSE60930
PRJNA260072,GSE61011
PRJNA260073,GSE61012
PRJNA260933,NA
PRJNA261698,GSE61619
PRJNA262009,GSE61742
PRJNA262036,GSE61753
PRJNA262909,GSE61996
PRJNA263261,GSE62134
PRJNA263582,GSE62247
PRJNA263742,NA
PRJNA265851,GSE62859
PRJNA266341,NA
PRJNA266705,GSE63120
PRJNA268222,GSE63570
PRJNA269069,GSE63789
PRJNA269272,GSE63858
PRJNA270712,GSE64304
PRJNA272597,GSE64962
PRJNA274997,GSE65778
PRJNA275305,GSE65885
PRJNA275386,GSE65912
PRJNA275470,GSE65948
PRJNA275789,GSE66054
PRJNA276827,GSE66411
PRJNA277363,GSE66580
PRJNA277771,GSE66715
PRJNA278007,GSE66808
PRJNA278009,GSE66809
PRJNA279785,GSE67387
PRJNA280809,GSE67741
PRJNA281177,GSE67902
PRJNA281481,GSE68008
PRJNA282016,GSE68200
PRJNA282960,GSE68265
PRJNA283425,GSE68705
PRJNA283800,GSE68762
PRJNA284399,GSE69047
PRJNA285265,GSE69350
PRJNA285458,GSE69414
PRJNA285961,GSE69602
PRJNA286218,GSE69699
PRJNA286792,GSE69800
PRJNA286795,GSE69802
PRJNA287112,GSE69906
PRJNA287766,GSE70159
PRJNA287879,GSE70211
PRJNA288089,GSE70259
PRJNA289569,GSE70802
PRJNA290912,GSE71333
PRJNA292112,GSE71808
PRJNA292778,GSE72030
PRJNA292861,GSE72064
PRJNA292862,GSE72066
PRJNA294100,GSE72463
PRJNA295296,GSE72899
PRJNA295556,GSE72996
PRJNA295955,NA
PRJNA296812,GSE73369
PRJNA297039,GSE73357
PRJNA297288,GSE73553
PRJNA297338,GSE73565
PRJNA299160,GSE74139
PRJNA299254,NA
PRJNA299306,GSE74197
PRJNA299827,GSE74365
PRJNA300274,GSE74393
PRJNA301154,GSE74683
PRJNA301561,NA
PRJNA303186,GSE75322
PRJNA303958,GSE75290
PRJNA305643,GSE75897
PRJNA306259,GSE76117
PRJNA306373,NA
PRJNA309995,GSE77292
PRJNA310015,GSE77315
PRJNA310096,GSE77317
PRJNA310107,GSE77347
PRJNA311041,GSE77617
PRJNA312799,GSE78163
PRJNA314019,GSE78807
PRJNA314507,GSE78960
PRJNA314508,GSE78959
PRJNA315441,GSE79306
PRJNA316065,GSE79512
PRJNA316125,GSE79539
PRJNA316463,GSE79622
PRJNA316618,GSE79664
PRJNA317266,GSE79864
PRJNA318047,GSE80133
PRJNA318051,GSE80156
PRJNA318054,GSE80157
PRJNA321057,GSE81247
PRJNA321185,GSE81283
PRJNA321201,GSE81295
PRJNA321304,GSE81332
PRJNA323467,GSE81932
PRJNA323510,GSE81966
PRJNA324409,GSE82232
PRJNA325659,GSE83351
PRJNA326506,GSE83616
PRJNA327113,GSE83823
PRJNA328042,GSE84112
PRJNA328073,NA
PRJNA330982,GSE84746
PRJNA336005,GSE85036
PRJNA336542,GSE85198
PRJNA339577,GSE85864
PRJNA339793,GSE85944
PRJNA340948,GSE86214
PRJNA342004,GSE86466
PRJNA344393,GSE87328
PRJNA345383,GSE87614
PRJNA347980,GSE87871
PRJNA348115,GSE87892
PRJNA348358,GSE88725
PRJNA348553,GSE88790
PRJNA349752,GSE89011
PRJNA350543,GSE89183
PRJNA353260,NA
PRJNA354729,GSE90469
PRJNA356772,GSE91066
PRJNA356775,GSE91068
PRJNA358868,GSE92922
PRJNA362545,GSE93830
PRJNA369542,GSE94385
PRJNA369543,GSE94384
PRJNA369742,GSE94454
PRJNA375080,GSE94982
PRJNA375739,GSE94984
PRJNA376419,GSE95211
PRJNA377088,GSE95415
PRJNA379292,GSE96643
PRJNA379447,GSE96716
PRJNA379448,GSE96714
PRJNA380795,GSE97140
PRJNA381205,GSE97286
PRJNA382534,GSE97637
PRJNA382718,GSE97717
PRJNA384569,NA
PRJNA384766,GSE98333
PRJNA385767,GSE98623
PRJNA386877,GSE98934
PRJNA388919,GSE99585
PRJNA389737,GSE99827
PRJNA390134,GSE99920
PRJNA391171,GSE100210
PRJNA392312,GSE100626
PRJNA395570,NA
PRJNA395723,GSE101865
PRJNA396456,GSE102040
PRJNA396698,GSE102113
PRJNA397035,GSE102216
PRJNA397543,GSE102354
PRJNA398285,GSE102659
PRJNA398585,GSE102720
PRJNA399079,GSE102837
PRJNA399133,GSE102861
PRJNA399166,GSE102890
PRJNA401857,GSE103421
PRJNA403993,GSE103667
PRJNA406823,GSE103719
PRJNA407986,GSE104028
PRJNA408071,GSE104033
PRJNA408093,GSE104043
PRJNA412370,GSE104329
PRJNA412874,GSE104506
PRJNA412979,GSE104503
PRJNA413990,NA
PRJNA414090,GSE104884
PRJNA414611,GSE105082
PRJNA414959,GSE105147
PRJNA415033,GSE105172
PRJNA415390,GSE105782
PRJNA415722,GSE106140
PRJNA416661,GSE106386
PRJNA417116,GSE106529
PRJNA417264,GSE106572
PRJNA418190,NA
PRJNA418997,NA
PRJNA419198,GSE107169
PRJNA419768,GSE107328
PRJNA420695,GSE107588
PRJNA421178,GSE107718
PRJNA421497,GSE107826
PRJNA423281,GSE108334
PRJNA428526,GSE108778
PRJNA429734,GSE109122
PRJNA430526,GSE109343
PRJNA431807,GSE109734
PRJNA432322,GSE109907
PRJNA432508,GSE109980
PRJNA435567,NA
PRJNA436358,GSE111255
PRJNA437439,NA
PRJNA438445,GSE111866
PRJNA438489,GSE111891
PRJNA438895,GSE111991
PRJNA439265,GSE112085
PRJNA445182,GSE112186
PRJNA445183,GSE112185
PRJNA445295,GSE112223
PRJNA445453,GSE112276
PRJNA445600,GSE112305
PRJNA445733,GSE112353
PRJNA448005,GSE112502
PRJNA448601,GSE112643
PRJNA448763,GSE112705
PRJNA448921,GSE112766
PRJNA453686,GSE113695
PRJNA453992,GSE113789
PRJNA459526,NA
PRJNA464051,GSE114064
PRJNA466150,NA
PRJNA471907,NA
PRJNA472015,GSE114636
PRJNA472972,GSE114882
PRJNA472988,GSE114892
PRJNA472989,NA
PRJNA473808,GSE115105
PRJNA473812,GSE115110
PRJNA473925,GSE115146
PRJNA473987,GSE115160
PRJNA473989,GSE115161
PRJNA474431,GSE115265
PRJNA474715,GSE115366
PRJNA475144,GSE115483
PRJNA475266,GSE115526
PRJNA475675,GSE115647
PRJNA476979,GSE116082
PRJNA477799,GSE116221
PRJNA477831,GSE116233
PRJNA478455,NA
PRJNA479682,GSE116570
PRJNA480786,GSE116981
PRJNA480907,GSE117043
PRJNA480953,NA
PRJNA484185,GSE117998
PRJNA484227,NA
PRJNA486172,GSE118597
PRJNA486442,GSE118676
PRJNA488955,GSE119365
PRJNA489275,GSE119454
PRJNA489606,GSE119567
PRJNA489895,GSE119681
PRJNA490651,GSE119903
PRJNA491747,GSE120159
PRJNA492921,GSE120383
PRJNA493293,GSE120533
PRJNA494404,GSE120762
PRJNA497255,GSE121391
PRJNA499089,GSE121933
PRJNA499096,NA
PRJNA501871,GSE121973
PRJNA501872,GSE121952
PRJNA501880,GSE121981
PRJNA503203,GSE122039
PRJNA503400,GSE122071
PRJNA505780,GSE122615
PRJNA506724,GSE122870
PRJNA507085,GSE122971
PRJNA507750,GSE123166
PRJNA509065,NA
PRJNA509230,GSE123564
PRJNA510323,GSE123919
PRJNA510416,GSE123981
PRJNA510796,GSE124115
PRJNA511455,GSE124279
PRJNA511999,GSE124428
PRJNA512491,GSE124558
PRJNA512837,GSE124609
PRJNA513069,GSE124693
PRJNA513305,GSE124737
PRJNA514710,GSE124962
PRJNA515049,GSE125038
PRJNA515197,GSE125086
PRJNA515289,GSE125114
PRJNA515538,GSE125218
PRJNA517401,GSE125725
PRJNA517458,GSE125757
PRJNA517673,GSE125832
PRJNA521077,NA
PRJNA521364,GSE126234
PRJNA521496,GSE126298
PRJNA521751,GSE126385
PRJNA523167,GSE126736
PRJNA523300,NA
PRJNA525090,GSE127713
PRJNA525595,GSE127827
PRJNA526529,NA
PRJNA526538,GSE128136
PRJNA527039,GSE128298
PRJNA527113,GSE128320
PRJNA527127,GSE128322
PRJNA527204,GSE128344
PRJNA528026,GSE128538
PRJNA528192,GSE128578
PRJNA528488,GSE128680
PRJNA530200,GSE129128
PRJNA530508,GSE129194
PRJNA530618,NA
PRJNA530968,GSE129305
PRJNA532532,GSE129701
PRJNA532643,GSE129757
PRJNA532893,GSE129816
PRJNA532897,GSE129818
PRJNA533074,GSE129869
PRJNA533132,GSE129912
PRJNA533159,GSE129924
PRJNA534111,GSE130155
PRJNA540298,GSE130465
PRJNA540869,NA
PRJNA541324,GSE130781
PRJNA541924,GSE130898
PRJNA542601,GSE131074
PRJNA542722,GSE131154
PRJNA543399,NA
PRJNA543493,GSE131408
PRJNA544411,GSE131650
PRJNA545050,GSE131809
PRJNA545625,GSE132007
PRJNA548091,GSE132441
PRJNA548784,GSE132703
PRJNA548813,GSE132725
PRJNA549955,GSE133111
PRJNA550038,GSE133125
PRJNA550323,NA
PRJNA552552,GSE133792
PRJNA553142,GSE133925
PRJNA553160,GSE133934
PRJNA553494,GSE134020
PRJNA554100,GSE134152
PRJNA554579,GSE134256
PRJNA554781,GSE134324
PRJNA555528,GSE134541
PRJNA556006,GSE134660
PRJNA556267,GSE134752
PRJNA556704,GSE134517
PRJNA558435,GSE135336
PRJNA559859,GSE135722
PRJNA561206,GSE136091
PRJNA562279,GSE136350
PRJNA563539,NA
PRJNA563844,GSE136838
PRJNA564991,NA
PRJNA566449,GSE137757
PRJNA573922,NA
PRJNA575265,GSE138278
PRJNA576260,GSE138533
PRJNA576649,GSE138638
PRJNA576650,GSE138639
PRJNA576651,GSE138640
PRJNA576652,GSE138641
PRJNA576653,GSE138642
PRJNA577942,GSE138990
PRJNA578122,GSE139036
PRJNA578373,GSE139097
PRJNA578565,GSE139131
PRJNA578566,GSE139130
PRJNA578863,GSE139238
PRJNA579539,GSE139391
PRJNA579549,GSE139399
PRJNA587444,GSE139880
PRJNA587516,GSE139910
PRJNA587699,GSE139939
PRJNA588223,GSE140084
PRJNA589056,GSE140255
PRJNA589466,GSE140366
PRJNA590189,GSE140565
PRJNA590355,GSE140639
PRJNA590503,NA
PRJNA591214,NA
PRJNA591625,GSE140997
PRJNA591627,GSE140995
PRJNA591767,GSE141013
PRJNA593553,GSE141459
PRJNA594022,GSE141599
PRJNA594648,GSE141765
PRJNA594945,GSE141842
PRJNA594947,GSE141840
PRJNA597326,GSE142528
PRJNA598159,NA
PRJNA598359,GSE142800
PRJNA598453,GSE142817
PRJNA599943,GSE143301
PRJNA600028,GSE143331
PRJNA600029,GSE143330
PRJNA600267,GSE143390
PRJNA600412,GSE143415
PRJNA601135,GSE143623
PRJNA601197,GSE143659
PRJNA602407,GSE143975
PRJNA602676,GSE144065
PRJNA602876,GSE144140
PRJNA602917,GSE144163
PRJNA603124,GSE144250
PRJNA603339,NA
PRJNA603355,GSE144313
PRJNA603987,GSE144539
PRJNA604580,GSE144682
PRJNA605114,GSE144841
PRJNA605444,GSE143393
PRJNA605655,GSE144997
PRJNA605656,GSE144996
PRJNA605660,GSE145002
PRJNA605662,GSE145000
PRJNA605796,GSE145046
PRJNA606888,NA
PRJNA607566,GSE145571
PRJNA608263,GSE145795
PRJNA608705,GSE145904
PRJNA608916,GSE145986
PRJNA609216,GSE146059
PRJNA609751,GSE146240
PRJNA611609,GSE146674
PRJNA611824,NA
PRJNA612239,GSE146849
PRJNA613736,GSE147324
PRJNA622261,GSE147840
PRJNA623564,GSE148237
PRJNA623612,GSE148258
PRJNA624906,GSE148536
PRJNA625261,GSE148636
PRJNA626635,GSE148965
PRJNA627130,GSE149016
PRJNA627881,GSE149279
PRJNA630259,GSE149844
PRJNA630709,GSE149970
PRJNA630973,GSE150034
PRJNA631930,GSE150375
PRJNA632042,GSE150439
PRJNA632889,GSE150601
PRJNA633047,NA
PRJNA633140,GSE150676
PRJNA634689,NA
PRJNA634994,NA
PRJNA635625,GSE151370
PRJNA636959,GSE151687
PRJNA636967,GSE151688
PRJNA637044,GSE151718
PRJNA637076,GSE151742
PRJNA637713,NA
PRJNA638018,GSE151986
PRJNA639554,NA
PRJNA639716,GSE152556
PRJNA640006,GSE152664
PRJNA641624,GSE153142
PRJNA643292,GSE153597
PRJNA644594,GSE153945
PRJNA645135,GSE154106
PRJNA646470,GSE154488
PRJNA646476,GSE154491
PRJNA647327,NA
PRJNA647736,NA
PRJNA648109,GSE154992
PRJNA648316,GSE155036
PRJNA648380,GSE155073
PRJNA648398,GSE155087
PRJNA649003,GSE155233
PRJNA649426,NA
PRJNA649449,GSE155350
PRJNA649751,GSE155432
PRJNA649776,GSE155447
PRJNA654277,NA
PRJNA655417,GSE155727
PRJNA655835,GSE155854
PRJNA655955,GSE155899
PRJNA656190,GSE155917
PRJNA658654,GSE156671
PRJNA658965,GSE156749
PRJNA659038,GSE156796
PRJNA659894,NA
PRJNA660002,GSE157063
PRJNA661060,GSE157361
PRJNA661275,GSE157423
PRJNA661558,GSE157519
PRJNA663319,GSE157902
PRJNA663848,GSE158044
PRJNA664109,GSE158136
PRJNA664116,GSE158141
PRJNA665035,GSE158374
PRJNA666167,GSE158669
PRJNA666888,GSE158881
PRJNA666973,NA
PRJNA667051,GSE158930
PRJNA667075,NA
PRJNA667952,GSE159210
PRJNA668327,GSE159300
PRJNA668372,GSE159329
PRJNA668384,GSE159336
PRJNA670552,NA
PRJNA670703,GSE159869
PRJNA672952,GSE160326
PRJNA673613,GSE160564
PRJNA674837,GSE160917
PRJNA675022,NA
PRJNA675773,NA
PRJNA676161,GSE161301
PRJNA677870,GSE161319
PRJNA680357,GSE162043
PRJNA680364,GSE162050
PRJNA680784,GSE162169
PRJNA680923,GSE162197
PRJNA682206,GSE162556
PRJNA683007,GSE162780
PRJNA689830,GSE164308
PRJNA692108,GSE164806
PRJNA694918,GSE165536
PRJNA695008,GSE165592
PRJNA697913,GSE165782
PRJNA699408,NA
PRJNA700841,GSE166408
PRJNA701262,GSE166544
PRJNA701894,GSE166742
PRJNA701895,GSE166743
PRJNA701951,GSE166783
PRJNA702160,GSE166874
PRJNA702531,GSE166987
PRJNA703954,GSE167223
PRJNA704316,GSE167324
PRJNA704627,GSE167421
PRJNA704712,GSE167484
PRJNA704763,NA
PRJNA704908,GSE167535
PRJNA705181,GSE167704
PRJNA705358,GSE167865
PRJNA706704,GSE168265
PRJNA707431,GSE168445
PRJNA707537,GSE168476
PRJNA708348,GSE168595
PRJNA714824,GSE168977
PRJNA715464,GSE169168
PRJNA716268,NA
PRJNA716630,GSE169457
PRJNA717060,GSE169589
PRJNA717063,GSE169590
PRJNA717246,GSE169632
PRJNA719381,GSE171392
PRJNA720671,GSE171726
PRJNA720951,GSE171780
PRJNA722238,GSE172146
PRJNA723012,GSE172354
PRJNA725118,GSE173283
PRJNA725264,GSE173373
PRJNA725700,NA
PRJNA726548,GSE173654
PRJNA729461,GSE174329
PRJNA729866,GSE174419
PRJNA731067,GSE174679
PRJNA731473,GSE174754
PRJNA731488,GSE174764
PRJNA732080,GSE175363
PRJNA734003,GSE175827
PRJNA734658,GSE176058
PRJNA734953,GSE176130
PRJNA739680,GSE178576
PRJNA740301,GSE178760
PRJNA743042,GSE179274
PRJNA744147,GSE179525
PRJNA744888,GSE179744
PRJNA747022,GSE180208
PRJNA747247,GSE180240
PRJNA748058,GSE180400
PRJNA748710,GSE180565
PRJNA748842,NA
PRJNA749053,GSE180669
PRJNA749295,GSE180733
PRJNA749454,GSE180766
PRJNA750456,GSE181040
PRJNA750636,GSE181077
PRJNA752584,GSE181565
PRJNA753487,GSE181795
PRJNA753526,GSE181824
PRJNA754447,GSE182100
PRJNA755296,GSE182200
PRJNA756018,GSE182371
PRJNA757962,GSE182810
PRJNA759858,GSE183264
PRJNA760922,GSE183470
PRJNA762342,GSE183923
PRJNA763037,NA
PRJNA763584,GSE184209
PRJNA763797,GSE184247
PRJNA764064,GSE184322
PRJNA764085,GSE184331
PRJNA765951,GSE184725
PRJNA767014,GSE184909
PRJNA768399,GSE185248
PRJNA768456,GSE185286
PRJNA769126,GSE185458
PRJNA769267,GSE185489
PRJNA769692,GSE185572
PRJNA770523,GSE185695
PRJNA770650,GSE185732
PRJNA770675,GSE185757
PRJNA770962,GSE185826
PRJNA774874,GSE186634
PRJNA774895,GSE186639
PRJNA776169,GSE186795
PRJNA778050,NA
PRJNA779283,GSE188529
PRJNA779461,GSE188574
PRJNA779948,GSE188692
PRJNA780403,GSE188798
PRJNA780800,GSE188929
PRJNA782500,GSE189306
PRJNA784790,GSE189854
PRJNA787943,GSE190670
PRJNA789247,GSE190980
PRJNA789542,GSE191048
PRJNA793438,GSE192846
PRJNA795419,GSE193200
PRJNA798426,GSE193940
PRJNA798445,GSE193945
PRJNA799348,GSE194172
PRJNA800107,NA
PRJNA800783,GSE195480
PRJNA801130,GSE195524
PRJNA801467,GSE195601
PRJNA801861,GSE195703
PRJNA803443,GSE196124
PRJNA805181,GSE196483
PRJNA806946,GSE196709
PRJNA807729,GSE196927
PRJNA808115,GSE196982
PRJNA808741,GSE197060
PRJNA809314,GSE197174
PRJNA809587,GSE197265
PRJNA809655,GSE197276
PRJNA810853,GSE197536
PRJNA811788,GSE197735
PRJNA812862,GSE197909
PRJNA812878,GSE197915
PRJNA814219,NA
PRJNA816171,GSE198624
PRJNA817730,NA
PRJNA818335,GSE199095
PRJNA819566,NA
PRJNA819859,GSE199387
PRJNA819978,GSE199422
PRJNA819979,GSE199421
PRJNA821340,NA
PRJNA822292,GSE199932
PRJNA822806,GSE200060
PRJNA822924,GSE200091
PRJNA822939,GSE200097
PRJNA824815,GSE200491
PRJNA830657,NA
PRJNA831863,GSE201484
PRJNA832792,GSE201732
PRJNA833301,GSE201845
PRJNA835330,NA
PRJNA837585,GSE202881
PRJNA837608,GSE202900
PRJNA838490,GSE203078
PRJNA838843,GSE203147
PRJNA847982,GSE205873
PRJNA848829,GSE206040
PRJNA850795,GSE206437
PRJNA852547,NA
PRJNA852784,GSE206931
PRJNA854095,GSE207189
PRJNA854601,GSE207267
PRJNA854905,GSE207347
PRJNA857299,NA
PRJNA858047,GSE208041
PRJNA858256,GSE208086
PRJNA858420,GSE208116
PRJNA861947,GSE209633
PRJNA861982,GSE209648
PRJNA862900,GSE209902
PRJNA865860,GSE210503
PRJNA870413,GSE211440
PRJNA871214,GSE211618
PRJNA871254,GSE211652
PRJNA872137,GSE211793
PRJNA874814,GSE212288
PRJNA877600,NA
PRJNA878797,GSE213023
PRJNA880902,GSE213472
PRJNA885130,GSE214396
PRJNA887109,GSE214816
PRJNA889923,NA
PRJNA891450,NA
PRJNA895461,GSE216831
PRJNA898352,GSE217287
PRJNA898430,GSE217354
PRJNA898432,GSE217355
PRJNA903814,GSE218433
PRJNA904347,GSE218580
PRJNA906596,GSE219022
PRJNA907315,GSE219172
PRJNA912651,NA
PRJNA913269,GSE221165
PRJNA913568,NA
PRJNA915314,GSE221651
PRJNA918384,GSE222154
PRJNA918681,GSE222249
PRJNA922045,GSE222415
PRJNA922087,GSE222433
PRJNA923627,GSE222825
PRJNA925168,GSE223168
PRJNA926480,GSE223465
PRJNA926978,GSE223615
PRJNA927820,GSE223730
PRJNA928320,GSE223755
PRJNA928370,NA
PRJNA928376,NA
PRJNA932446,GSE224774
PRJNA932465,NA
PRJNA933910,GSE225095
PRJNA934078,GSE225140
PRJNA935940,GSE225424
PRJNA937159,GSE225683
PRJNA940173,GSE226436
PRJNA943116,NA
PRJNA944112,GSE227197
PRJNA945876,GSE227590
PRJNA947525,GSE227926
PRJNA948060,NA
PRJNA950066,NA
PRJNA950373,GSE228561
PRJNA951511,NA
PRJNA952648,NA
PRJNA954953,GSE229572
PRJNA955270,GSE229672
PRJNA955811,GSE229777
PRJNA956494,GSE229866
PRJNA956925,GSE229979
PRJNA956972,GSE230019
PRJNA957283,GSE230043
PRJNA957808,GSE230189
PRJNA967640,GSE231758
PRJNA967742,GSE231820
PRJNA970317,GSE231964
PRJNA970321,GSE231968
PRJNA971919,GSE232395
PRJNA975827,GSE233297
PRJNA977673,GSE233736
PRJNA979342,NA
PRJNA982760,GSE234687
PRJNA985729,GSE235348
PRJNA990964,NA
PRJNA994860,NA
PRJNA994913,GSE237412
PRJNA999250,GSE239419
